,aerial_battles,big_chance_created,clearance,club_name,cross,cross_accuracy,goal_conceded_per_match,goal_per_match,interceptions,pass_accuracy,pass_per_game,season,shooting_accuracy,shot_on_target,tackle_success
0,1853,38,519,Arsenal,548,22,1.29,1.43,258,84,507.11,2019/20,35,109,58
1,2489,72,762,Arsenal,605,21,1.34,1.92,412,83,547.5,2018/19,36,170,60
2,2660,81,829,Arsenal,572,21,1.34,1.95,427,84,619.05,2017/18,39,234,68
3,2762,55,838,Arsenal,697,22,1.16,2.03,536,84,563.0,2016/17,36,201,70
4,2785,88,849,Arsenal,754,25,0.95,1.71,734,84,559.18,2015/16,37,211,73
5,3242,66,1006,Arsenal,866,20,0.95,1.87,762,84,540.18,2014/15,37,227,75
6,2777,62,1207,Arsenal,753,22,1.08,1.79,541,86,567.39,2013/14,41,213,74
7,2840,70,873,Arsenal,951,19,0.97,1.89,636,86,555.53,2012/13,34,205,79
8,2336,97,766,Arsenal,896,22,1.29,1.95,605,85,542.45,2011/12,37,236,74
9,2636,99,1077,Arsenal,928,19,1.13,1.89,709,84,530.26,2010/11,36,238,74
10,2900,0,1091,Arsenal,1023,18,1.08,2.18,839,81,507.66,2009/10,35,233,75
11,2709,0,1280,Arsenal,1069,21,0.97,1.79,872,83,499.76,2008/09,33,220,75
12,2527,0,1840,Arsenal,888,24,0.82,1.95,505,83,495.55,2007/08,33,208,75
13,2414,0,1202,Arsenal,873,21,0.92,1.66,214,81,485.74,2006/07,35,226,74
14,0,0,0,Arsenal,0,0,0.82,1.79,0,0,0.0,2005/06,0,0,0
15,0,0,0,Arsenal,0,0,0.95,2.29,0,0,0.0,2004/05,0,0,0
16,0,0,0,Arsenal,0,0,0.68,1.92,0,0,0.0,2003/04,0,0,0
17,0,0,0,Arsenal,0,0,1.11,2.24,0,0,0.0,2002/03,0,0,0
18,101,0,28,Arsenal,17,12,0.95,2.08,19,75,8.24,2001/02,44,4,77
19,0,0,0,Arsenal,0,0,1.0,1.66,0,0,0.0,2000/01,0,0,0
20,0,0,0,Arsenal,0,0,1.13,1.92,0,0,0.0,1999/00,0,0,0
21,0,0,0,Arsenal,0,0,0.45,1.55,0,0,0.0,1998/99,0,0,0
22,0,0,0,Arsenal,0,0,0.87,1.79,0,0,0.0,1997/98,0,0,0
23,0,0,0,Arsenal,0,0,0.84,1.63,0,0,0.0,1996/97,0,0,0
24,0,0,0,Arsenal,0,0,0.84,1.29,0,0,0.0,1995/96,0,0,0
25,0,0,0,Arsenal,0,0,1.17,1.24,0,0,0.0,1994/95,0,0,0
26,0,0,0,Arsenal,0,0,0.67,1.26,0,0,0.0,1993/94,0,0,0
27,0,0,0,Arsenal,0,0,0.9,0.95,0,0,0.0,1992/93,0,0,0
28,2119,33,654,Aston Villa,590,21,1.93,1.17,306,78,366.41,2019/20,34,115,57
29,2956,25,973,Aston Villa,796,22,2.0,0.71,768,78,402.84,2015/16,29,110,77
30,2728,29,1130,Aston Villa,766,22,1.5,0.82,487,79,434.92,2014/15,30,125,75
31,2762,36,1068,Aston Villa,749,22,1.61,1.03,460,74,364.63,2013/14,31,135,79
32,2779,43,1520,Aston Villa,676,26,1.82,1.24,769,78,375.05,2012/13,32,141,74
33,2375,51,1301,Aston Villa,834,25,1.39,0.97,740,73,346.26,2011/12,32,138,76
34,2775,58,1116,Aston Villa,973,24,1.55,1.26,667,74,384.5,2010/11,33,165,70
35,2928,0,1531,Aston Villa,1031,26,1.03,1.37,690,72,345.45,2009/10,32,158,77
36,2735,0,1764,Aston Villa,1119,20,1.26,1.42,710,71,326.82,2008/09,34,159,75
37,2612,0,2220,Aston Villa,932,26,1.34,1.87,461,70,301.0,2007/08,36,182,80
38,2368,0,1212,Aston Villa,886,24,1.08,1.13,221,70,348.79,2006/07,33,154,78
39,0,0,0,Aston Villa,0,0,1.45,1.11,0,0,0.0,2005/06,0,0,0
40,0,0,0,Aston Villa,0,0,1.37,1.18,0,0,0.0,2004/05,0,0,0
41,0,0,0,Aston Villa,0,0,1.16,1.26,0,0,0.0,2003/04,0,0,0
42,0,0,0,Aston Villa,0,0,1.24,1.11,0,0,0.0,2002/03,0,0,0
43,0,0,0,Aston Villa,0,0,1.24,1.21,0,0,0.0,2001/02,0,0,0
44,0,0,0,Aston Villa,0,0,1.13,1.21,0,0,0.0,2000/01,0,0,0
45,0,0,0,Aston Villa,0,0,0.92,1.21,0,0,0.0,1999/00,0,0,0
46,0,0,0,Aston Villa,0,0,1.21,1.34,0,0,0.0,1998/99,0,0,0
47,0,0,0,Aston Villa,0,0,1.26,1.29,0,0,0.0,1997/98,0,0,0
48,0,0,0,Aston Villa,0,0,0.89,1.24,0,0,0.0,1996/97,0,0,0
49,0,0,0,Aston Villa,0,0,0.92,1.37,0,0,0.0,1995/96,0,0,0
50,0,0,0,Aston Villa,0,0,1.33,1.21,0,0,0.0,1994/95,0,0,0
51,0,0,0,Aston Villa,0,0,1.19,1.1,0,0,0.0,1993/94,0,0,0
52,0,0,0,Aston Villa,0,0,0.95,1.36,0,0,0.0,1992/93,0,0,0
53,2129,37,800,Bournemouth,478,19,1.62,1.0,384,76,397.83,2019/20,33,98,58
54,2676,77,1019,Bournemouth,613,27,1.84,1.47,371,78,419.55,2018/19,37,163,57
55,2681,36,1037,Bournemouth,707,23,1.61,1.18,367,77,424.5,2017/18,34,158,64
56,2589,42,1092,Bournemouth,628,19,1.76,1.45,460,81,451.37,2016/17,35,160,74
57,2664,30,951,Bournemouth,749,22,1.76,1.18,640,80,454.47,2015/16,31,143,73
58,2146,39,501,Brighton and Hove Albion,537,23,1.38,1.1,322,82,513.9,2019/20,32,121,58
59,2914,34,921,Brighton and Hove Albion,636,29,1.58,0.92,463,75,371.29,2018/19,29,108,58
60,2784,39,1085,Brighton and Hove Albion,680,21,1.42,0.89,449,75,386.18,2017/18,31,119,63
61,2372,43,601,Burnley,577,25,1.38,1.17,298,68,325.66,2019/20,35,104,63
62,3209,49,1080,Burnley,693,24,1.79,1.18,365,70,342.39,2018/19,32,116,54
63,3041,33,1184,Burnley,707,26,1.03,0.95,401,71,357.16,2017/18,34,128,67
64,3003,23,1233,Burnley,650,27,1.45,1.03,539,68,330.47,2016/17,31,120,71
65,3105,30,1458,Burnley,783,23,1.39,0.74,568,70,358.74,2014/15,29,125,73
66,2541,0,1552,Burnley,825,20,2.16,1.11,661,70,357.66,2009/10,33,153,76
67,2265,55,458,Chelsea,646,24,1.34,1.76,363,85,602.0,2019/20,35,169,56
68,2548,81,593,Chelsea,692,19,1.03,1.66,351,88,659.74,2018/19,33,198,59
69,2771,60,768,Chelsea,755,21,1.0,1.63,423,84,559.58,2017/18,36,220,67
70,2682,48,839,Chelsea,688,19,0.87,2.24,510,84,529.61,2016/17,35,204,71
71,2793,47,790,Chelsea,732,19,1.39,1.55,518,82,517.47,2015/16,33,173,76
72,3075,66,1027,Chelsea,682,22,0.84,1.92,376,83,533.37,2014/15,37,210,81
73,3055,50,1141,Chelsea,809,25,0.71,1.87,380,83,480.68,2013/14,33,229,77
74,2469,56,981,Chelsea,863,20,1.03,1.97,504,83,485.05,2012/13,34,212,76
75,2034,50,881,Chelsea,972,24,1.21,1.71,637,85,493.84,2011/12,33,224,78
76,2551,86,762,Chelsea,995,25,0.87,1.82,616,84,506.21,2010/11,33,244,74
77,2448,0,1055,Chelsea,1083,26,0.84,2.71,705,83,496.11,2009/10,35,288,73
78,2473,0,1069,Chelsea,938,25,0.63,1.79,504,84,524.29,2008/09,31,248,75
79,2586,0,1687,Chelsea,945,21,0.68,1.71,506,81,454.0,2007/08,33,199,76
80,2429,0,1206,Chelsea,897,25,0.63,1.68,292,80,441.29,2006/07,34,216,78
81,0,0,0,Chelsea,0,0,0.58,1.89,0,0,0.0,2005/06,0,0,0
82,0,0,0,Chelsea,0,0,0.39,1.89,0,0,0.0,2004/05,0,0,0
83,0,0,0,Chelsea,0,0,0.79,1.76,0,0,0.0,2003/04,0,0,0
84,0,0,0,Chelsea,0,0,1.0,1.79,0,0,0.0,2002/03,0,0,0
85,0,0,0,Chelsea,0,0,1.0,1.74,0,0,0.0,2001/02,0,0,0
86,0,0,0,Chelsea,0,0,1.18,1.79,0,0,0.0,2000/01,0,0,0
87,0,0,0,Chelsea,0,0,0.89,1.39,0,0,0.0,1999/00,0,0,0
88,0,0,0,Chelsea,0,0,0.79,1.5,0,0,0.0,1998/99,0,0,0
89,0,0,0,Chelsea,0,0,1.13,1.87,0,0,0.0,1997/98,0,0,0
90,0,0,0,Chelsea,0,0,1.45,1.53,0,0,0.0,1996/97,0,0,0
91,0,0,0,Chelsea,0,0,1.16,1.21,0,0,0.0,1995/96,0,0,0
92,0,0,0,Chelsea,0,0,1.31,1.19,0,0,0.0,1994/95,0,0,0
93,0,0,0,Chelsea,0,0,1.26,1.17,0,0,0.0,1993/94,0,0,0
94,0,0,0,Chelsea,0,0,1.29,1.21,0,0,0.0,1992/93,0,0,0
95,2451,26,647,Crystal Palace,439,23,1.1,0.9,340,76,381.31,2019/20,33,94,59
96,2868,40,940,Crystal Palace,577,24,1.39,1.34,446,77,401.13,2018/19,30,148,61
97,3090,53,1022,Crystal Palace,703,24,1.45,1.18,552,75,378.21,2017/18,32,151,65
98,3207,41,1022,Crystal Palace,872,26,1.66,1.32,553,73,356.37,2016/17,31,138,72
99,2799,44,963,Crystal Palace,969,23,1.34,1.03,698,74,362.76,2015/16,33,153,77
100,3350,34,1270,Crystal Palace,834,21,1.34,1.24,600,69,317.66,2014/15,32,139,78
101,3237,29,1409,Crystal Palace,706,22,1.26,0.87,695,71,310.45,2013/14,35,143,76
102,0,0,0,Crystal Palace,0,0,1.63,1.08,0,0,0.0,2004/05,0,0,0
103,0,0,0,Crystal Palace,0,0,1.87,0.97,0,0,0.0,1997/98,0,0,0
104,0,0,0,Crystal Palace,0,0,1.17,0.81,0,0,0.0,1994/95,0,0,0
105,0,0,0,Crystal Palace,0,0,1.45,1.14,0,0,0.0,1992/93,0,0,0
106,2433,52,516,Everton,670,24,1.59,1.28,312,77,412.03,2019/20,35,135,60
107,3211,52,825,Everton,814,25,1.21,1.42,456,77,434.05,2018/19,34,169,63
108,2806,41,1229,Everton,629,25,1.53,1.16,514,74,388.13,2017/18,34,121,69
109,2846,52,1118,Everton,767,22,1.16,1.63,461,79,462.79,2016/17,38,191,74
110,2549,62,994,Everton,782,21,1.45,1.55,511,81,472.29,2015/16,36,175,74
111,2611,45,1280,Everton,690,19,1.32,1.26,444,82,494.97,2014/15,34,166,80
112,2733,40,1103,Everton,848,22,1.03,1.61,463,84,481.61,2013/14,35,196,77
113,2834,73,1172,Everton,989,24,1.05,1.45,592,79,416.55,2012/13,33,207,75
114,2095,48,1130,Everton,877,24,1.05,1.32,617,77,396.39,2011/12,32,164,78
115,2657,58,1265,Everton,1019,26,1.18,1.34,470,76,378.18,2010/11,31,181,73
116,2767,0,1601,Everton,1022,23,1.29,1.58,827,76,390.32,2009/10,33,194,74
117,2442,0,1602,Everton,1022,24,0.97,1.45,660,75,395.37,2008/09,34,169,78
118,2310,0,2136,Everton,877,23,0.87,1.45,496,69,326.24,2007/08,36,169,77
119,2384,0,1386,Everton,867,22,0.95,1.37,303,65,323.0,2006/07,33,153,78
120,0,0,0,Everton,0,0,1.29,0.89,0,0,0.0,2005/06,0,0,0
121,0,0,0,Everton,0,0,1.21,1.18,0,0,0.0,2004/05,0,0,0
122,0,0,0,Everton,0,0,1.5,1.18,0,0,0.0,2003/04,0,0,0
123,0,0,0,Everton,0,0,1.29,1.26,0,0,0.0,2002/03,0,0,0
124,0,0,0,Everton,0,0,1.5,1.18,0,0,0.0,2001/02,0,0,0
125,0,0,0,Everton,0,0,1.55,1.18,0,0,0.0,2000/01,0,0,0
126,0,0,0,Everton,0,0,1.29,1.55,0,0,0.0,1999/00,0,0,0
127,0,0,0,Everton,0,0,1.24,1.11,0,0,0.0,1998/99,0,0,0
128,0,0,0,Everton,0,0,1.47,1.08,0,0,0.0,1997/98,0,0,0
129,0,0,0,Everton,0,0,1.5,1.16,0,0,0.0,1996/97,0,0,0
130,0,0,0,Everton,0,0,1.16,1.68,0,0,0.0,1995/96,0,0,0
131,0,0,0,Everton,0,0,1.21,1.05,0,0,0.0,1994/95,0,0,0
132,0,0,0,Everton,0,0,1.5,1.0,0,0,0.0,1993/94,0,0,0
133,0,0,0,Everton,0,0,1.31,1.26,0,0,0.0,1992/93,0,0,0
134,2183,56,550,Leicester City,572,20,1.03,2.0,330,82,516.31,2019/20,38,154,58
135,3074,59,945,Leicester City,779,21,1.26,1.34,436,79,453.13,2018/19,36,184,58
136,2992,47,920,Leicester City,744,19,1.58,1.47,413,75,400.0,2017/18,35,149,66
137,2827,43,1025,Leicester City,731,19,1.66,1.26,538,70,359.76,2016/17,33,145,72
138,3069,76,1040,Leicester City,762,23,0.95,1.79,819,71,351.84,2015/16,34,179,76
139,3248,46,1177,Leicester City,912,22,1.45,1.21,750,71,351.13,2014/15,30,137,77
140,0,0,0,Leicester City,0,0,1.71,1.26,0,0,0.0,2003/04,0,0,0
141,0,0,0,Leicester City,0,0,1.68,0.79,0,0,0.0,2001/02,0,0,0
142,0,0,0,Leicester City,0,0,1.34,1.03,0,0,0.0,2000/01,0,0,0
143,0,0,0,Leicester City,0,0,1.45,1.45,0,0,0.0,1999/00,0,0,0
144,0,0,0,Leicester City,0,0,1.21,1.05,0,0,0.0,1998/99,0,0,0
145,0,0,0,Leicester City,0,0,1.08,1.34,0,0,0.0,1997/98,0,0,0
146,0,0,0,Leicester City,0,0,1.42,1.21,0,0,0.0,1996/97,0,0,0
147,0,0,0,Leicester City,0,0,1.9,1.07,0,0,0.0,1994/95,0,0,0
148,1982,71,497,Liverpool,687,20,0.72,2.28,267,84,622.17,2019/20,39,176,60
149,2518,78,639,Liverpool,721,24,0.56,2.28,314,84,606.1,2018/19,39,226,61
150,2565,78,736,Liverpool,764,22,1.0,2.21,379,84,604.26,2017/18,37,233,71
151,2810,52,877,Liverpool,812,22,1.11,2.05,410,82,586.58,2016/17,37,236,71
152,2891,56,871,Liverpool,780,23,1.32,1.66,549,80,519.29,2015/16,32,202,78
153,2817,38,1175,Liverpool,638,23,1.26,1.37,442,83,509.84,2014/15,33,192,77
154,2858,88,1339,Liverpool,643,21,1.32,2.66,465,84,515.76,2013/14,40,258,76
155,2495,77,914,Liverpool,794,19,1.13,1.87,526,84,521.37,2012/13,31,232,78
156,2378,60,720,Liverpool,1103,22,1.05,1.24,505,81,494.66,2011/12,31,207,74
157,2692,51,1073,Liverpool,824,20,1.16,1.55,592,77,440.37,2010/11,35,205,69
158,2744,0,1094,Liverpool,1017,20,0.92,1.61,763,79,488.95,2009/10,29,189,74
159,2541,0,1279,Liverpool,1021,24,0.71,2.03,657,81,513.29,2008/09,30,224,75
160,2718,0,1952,Liverpool,932,26,0.74,1.76,614,77,430.53,2007/08,31,214,74
161,2404,0,1115,Liverpool,1107,25,0.71,1.5,246,76,451.42,2006/07,32,214,79
162,0,0,0,Liverpool,0,0,0.66,1.5,0,0,0.0,2005/06,0,0,0
163,0,0,0,Liverpool,0,0,1.08,1.37,0,0,0.0,2004/05,0,0,0
164,0,0,0,Liverpool,0,0,0.97,1.45,0,0,0.0,2003/04,0,0,0
165,0,0,0,Liverpool,0,0,1.08,1.61,0,0,0.0,2002/03,0,0,0
166,0,0,0,Liverpool,0,0,0.79,1.76,0,0,0.0,2001/02,0,0,0
167,0,0,0,Liverpool,0,0,1.03,1.87,0,0,0.0,2000/01,0,0,0
168,0,0,0,Liverpool,0,0,0.79,1.34,0,0,0.0,1999/00,0,0,0
169,0,0,0,Liverpool,0,0,1.29,1.79,0,0,0.0,1998/99,0,0,0
170,0,0,0,Liverpool,0,0,1.11,1.79,0,0,0.0,1997/98,0,0,0
171,0,0,0,Liverpool,0,0,0.97,1.63,0,0,0.0,1996/97,0,0,0
172,0,0,0,Liverpool,0,0,0.89,1.84,0,0,0.0,1995/96,0,0,0
173,0,0,0,Liverpool,0,0,0.88,1.55,0,0,0.0,1994/95,0,0,0
174,0,0,0,Liverpool,0,0,1.31,1.4,0,0,0.0,1993/94,0,0,0
175,0,0,0,Liverpool,0,0,1.31,1.48,0,0,0.0,1992/93,0,0,0
176,1747,79,362,Manchester City,719,22,1.11,2.43,263,89,675.89,2019/20,35,192,58
177,2344,101,543,Manchester City,783,20,0.61,2.5,362,89,699.5,2018/19,38,260,63
178,2460,95,588,Manchester City,691,21,0.71,2.79,346,89,743.18,2017/18,40,265,68
179,2730,77,905,Manchester City,801,24,1.03,2.11,504,86,597.53,2016/17,34,216,71
180,2751,55,940,Manchester City,866,24,1.08,1.87,630,83,539.16,2015/16,34,210,73
181,2681,66,872,Manchester City,795,23,1.0,2.18,569,85,581.76,2014/15,34,229,75
182,2562,86,938,Manchester City,892,25,0.97,2.68,496,86,546.34,2013/14,35,238,77
183,2533,84,1068,Manchester City,860,24,0.89,1.74,492,85,527.92,2012/13,35,231,80
184,2080,86,930,Manchester City,843,22,0.76,2.45,631,86,549.03,2011/12,34,250,74
185,2519,52,1206,Manchester City,762,20,0.87,1.58,629,82,467.58,2010/11,32,177,75
186,2544,0,1269,Manchester City,809,19,1.18,1.92,805,77,429.55,2009/10,37,195,76
187,2552,0,1496,Manchester City,690,23,1.32,1.53,740,78,420.29,2008/09,35,201,73
188,2203,0,1852,Manchester City,695,21,1.39,1.18,482,76,398.66,2007/08,34,143,78
189,2521,0,1213,Manchester City,811,25,1.16,0.76,234,67,335.92,2006/07,32,147,78
190,0,0,0,Manchester City,0,0,1.26,1.13,0,0,0.0,2005/06,0,0,0
191,0,0,0,Manchester City,0,0,1.03,1.24,0,0,0.0,2004/05,0,0,0
192,0,0,0,Manchester City,0,0,1.42,1.45,0,0,0.0,2003/04,0,0,0
193,0,0,0,Manchester City,0,0,1.42,1.24,0,0,0.0,2002/03,0,0,0
194,0,0,0,Manchester City,0,0,1.71,1.08,0,0,0.0,2000/01,0,0,0
195,0,0,0,Manchester City,0,0,1.53,0.87,0,0,0.0,1995/96,0,0,0
196,0,0,0,Manchester City,0,0,1.52,1.26,0,0,0.0,1994/95,0,0,0
197,0,0,0,Manchester City,0,0,1.17,0.9,0,0,0.0,1993/94,0,0,0
198,0,0,0,Manchester City,0,0,1.21,1.33,0,0,0.0,1992/93,0,0,0
199,2018,38,509,Manchester United,508,19,1.03,1.52,286,82,503.31,2019/20,39,166,57
200,2683,65,785,Manchester United,638,20,1.38,1.67,355,82,492.36,2018/19,43,225,60
201,2699,60,853,Manchester United,753,20,0.74,1.79,481,84,528.0,2017/18,35,178,65
202,2766,62,1112,Manchester United,848,24,0.76,1.42,584,84,532.76,2016/17,36,210,71
203,2482,44,755,Manchester United,786,19,0.92,1.29,594,82,528.16,2015/16,33,144,76
204,2689,54,1118,Manchester United,908,22,0.97,1.63,679,85,560.82,2014/15,35,180,74
205,2597,53,1382,Manchester United,1000,21,1.13,1.68,595,84,497.21,2013/14,35,183,75
206,2477,89,1319,Manchester United,962,22,1.13,2.26,514,86,518.32,2012/13,38,213,77
207,2151,85,1165,Manchester United,1018,22,0.87,2.34,574,85,531.39,2011/12,38,243,75
208,2353,71,1053,Manchester United,1005,24,0.97,2.05,646,81,496.58,2010/11,34,212,76
209,2608,0,983,Manchester United,1156,25,0.74,2.26,602,80,508.37,2009/10,32,221,76
210,2403,0,1322,Manchester United,1039,23,0.63,1.79,640,83,510.95,2008/09,32,230,69
211,2578,0,2022,Manchester United,936,25,0.58,2.11,446,81,458.47,2007/08,37,260,76
212,2303,0,1222,Manchester United,918,25,0.71,2.18,254,80,492.71,2006/07,37,256,76
213,0,0,0,Manchester United,0,0,0.89,1.89,0,0,0.0,2005/06,0,0,0
214,0,0,0,Manchester United,0,0,0.68,1.53,0,0,0.0,2004/05,0,0,0
215,0,0,0,Manchester United,0,0,0.92,1.68,0,0,0.0,2003/04,0,0,0
216,0,0,0,Manchester United,0,0,0.89,1.95,0,0,0.0,2002/03,0,0,0
217,100,0,14,Manchester United,22,18,1.18,2.29,6,79,13.58,2001/02,22,2,60
218,0,0,0,Manchester United,0,0,0.82,2.08,0,0,0.0,2000/01,0,0,0
219,0,0,0,Manchester United,0,0,1.18,2.55,0,0,0.0,1999/00,0,0,0
220,0,0,0,Manchester United,0,0,0.97,2.11,0,0,0.0,1998/99,0,0,0
221,0,0,0,Manchester United,0,0,0.68,1.92,0,0,0.0,1997/98,0,0,0
222,0,0,0,Manchester United,0,0,1.16,2.0,0,0,0.0,1996/97,0,0,0
223,0,0,0,Manchester United,0,0,0.92,1.92,0,0,0.0,1995/96,0,0,0
224,0,0,0,Manchester United,0,0,0.67,1.83,0,0,0.0,1994/95,0,0,0
225,0,0,0,Manchester United,0,0,0.9,1.9,0,0,0.0,1993/94,0,0,0
226,0,0,0,Manchester United,0,0,0.74,1.6,0,0,0.0,1992/93,0,0,0
227,2258,29,767,Newcastle United,461,22,1.41,0.86,316,74,328.9,2019/20,32,97,57
228,2875,39,1120,Newcastle United,711,24,1.26,1.11,506,73,355.0,2018/19,32,142,61
229,3104,48,1125,Newcastle United,616,22,1.24,1.03,441,72,369.16,2017/18,33,149,66
230,2565,35,939,Newcastle United,775,23,1.71,1.16,646,77,397.84,2015/16,38,151,77
231,3033,38,1020,Newcastle United,864,19,1.66,1.05,639,77,395.24,2014/15,31,143,77
232,3008,48,1110,Newcastle United,787,21,1.55,1.13,601,80,423.34,2013/14,31,182,74
233,2856,45,1584,Newcastle United,941,23,1.79,1.18,478,80,384.21,2012/13,33,174,73
234,2245,35,987,Newcastle United,730,23,1.34,1.47,621,77,385.21,2011/12,31,154,74
235,2664,68,1025,Newcastle United,1022,24,1.5,1.47,608,76,373.79,2010/11,33,168,75
236,2455,0,1278,Newcastle United,895,21,1.55,1.05,591,74,372.95,2008/09,28,125,77
237,2367,0,1823,Newcastle United,966,20,1.71,1.18,553,73,367.03,2007/08,32,153,76
238,2415,0,1004,Newcastle United,793,21,1.24,1.0,361,72,384.95,2006/07,31,140,78
239,0,0,0,Newcastle United,0,0,1.11,1.24,0,0,0.0,2005/06,0,0,0
240,0,0,0,Newcastle United,0,0,1.5,1.24,0,0,0.0,2004/05,0,0,0
241,0,0,0,Newcastle United,0,0,1.05,1.37,0,0,0.0,2003/04,0,0,0
242,0,0,0,Newcastle United,0,0,1.26,1.66,0,0,0.0,2002/03,0,0,0
243,0,0,0,Newcastle United,0,0,1.37,1.95,0,0,0.0,2001/02,0,0,0
244,0,0,0,Newcastle United,0,0,1.32,1.16,0,0,0.0,2000/01,0,0,0
245,0,0,0,Newcastle United,0,0,1.42,1.66,0,0,0.0,1999/00,0,0,0
246,0,0,0,Newcastle United,0,0,1.42,1.26,0,0,0.0,1998/99,0,0,0
247,0,0,0,Newcastle United,0,0,1.16,0.92,0,0,0.0,1997/98,0,0,0
248,0,0,0,Newcastle United,0,0,1.05,1.92,0,0,0.0,1996/97,0,0,0
249,0,0,0,Newcastle United,0,0,0.97,1.74,0,0,0.0,1995/96,0,0,0
250,0,0,0,Newcastle United,0,0,1.12,1.6,0,0,0.0,1994/95,0,0,0
251,0,0,0,Newcastle United,0,0,0.98,1.95,0,0,0.0,1993/94,0,0,0
252,1999,29,698,Norwich City,371,22,1.79,0.86,315,81,463.24,2019/20,34,115,62
253,2545,33,1212,Norwich City,818,22,1.76,1.03,473,74,381.13,2015/16,31,129,74
254,2479,31,1071,Norwich City,818,23,1.63,0.74,529,77,388.47,2013/14,32,148,74
255,2559,50,1146,Norwich City,837,24,1.53,1.08,540,74,353.42,2012/13,32,134,75
256,1938,39,1451,Norwich City,863,27,1.74,1.37,468,76,399.08,2011/12,32,164,71
257,0,0,0,Norwich City,0,0,2.03,1.11,0,0,0.0,2004/05,0,0,0
258,0,0,0,Norwich City,0,0,1.29,0.88,0,0,0.0,1994/95,0,0,0
259,0,0,0,Norwich City,0,0,1.45,1.55,0,0,0.0,1993/94,0,0,0
260,0,0,0,Norwich City,0,0,1.55,1.45,0,0,0.0,1992/93,0,0,0
261,2334,50,666,Sheffield United,659,23,0.89,1.07,322,74,395.61,2019/20,32,92,62
262,2357,0,1217,Sheffield United,800,24,1.45,0.84,203,62,292.71,2006/07,30,147,77
263,0,0,0,Sheffield United,0,0,1.43,1.0,0,0,0.0,1993/94,0,0,0
264,0,0,0,Sheffield United,0,0,1.26,1.29,0,0,0.0,1992/93,0,0,0
265,2400,36,623,Southampton,537,24,1.79,1.21,307,72,394.03,2019/20,35,131,57
266,2863,48,1068,Southampton,664,24,1.71,1.18,548,74,376.24,2018/19,34,162,61
267,2803,46,953,Southampton,800,22,1.47,0.97,462,77,451.95,2017/18,32,145,69
268,2685,35,914,Southampton,947,22,1.26,1.08,514,80,480.13,2016/17,33,179,72
269,2792,61,1101,Southampton,956,24,1.08,1.55,709,78,418.76,2015/16,32,166,75
270,2736,50,875,Southampton,952,22,0.87,1.42,619,80,478.53,2014/15,33,169,79
271,2815,53,1201,Southampton,877,26,1.21,1.42,528,81,515.18,2013/14,34,179,79
272,2665,45,1275,Southampton,917,23,1.58,1.29,779,78,442.37,2012/13,32,167,77
273,0,0,0,Southampton,0,0,1.74,1.18,0,0,0.0,2004/05,0,0,0
274,0,0,0,Southampton,0,0,1.18,1.16,0,0,0.0,2003/04,0,0,0
275,0,0,0,Southampton,0,0,1.21,1.13,0,0,0.0,2002/03,0,0,0
276,0,0,0,Southampton,0,0,1.42,1.21,0,0,0.0,2001/02,0,0,0
277,0,0,0,Southampton,0,0,1.26,1.05,0,0,0.0,2000/01,0,0,0
278,0,0,0,Southampton,0,0,1.63,1.18,0,0,0.0,1999/00,0,0,0
279,0,0,0,Southampton,0,0,1.68,0.97,0,0,0.0,1998/99,0,0,0
280,0,0,0,Southampton,0,0,1.45,1.32,0,0,0.0,1997/98,0,0,0
281,0,0,0,Southampton,0,0,1.47,1.32,0,0,0.0,1996/97,0,0,0
282,0,0,0,Southampton,0,0,1.37,0.89,0,0,0.0,1995/96,0,0,0
283,0,0,0,Southampton,0,0,1.5,1.45,0,0,0.0,1994/95,0,0,0
284,0,0,0,Southampton,0,0,1.57,1.17,0,0,0.0,1993/94,0,0,0
285,0,0,0,Southampton,0,0,1.45,1.29,0,0,0.0,1992/93,0,0,0
286,2188,40,641,Tottenham Hotspur,491,18,1.38,1.62,288,81,497.41,2019/20,37,130,62
287,2566,64,770,Tottenham Hotspur,643,26,1.03,1.76,326,83,560.39,2018/19,35,189,60
288,2673,76,825,Tottenham Hotspur,825,20,0.95,1.95,380,84,570.0,2017/18,35,216,65
289,2696,53,1003,Tottenham Hotspur,761,20,0.68,2.26,314,82,530.26,2016/17,38,257,75
290,2619,64,1046,Tottenham Hotspur,738,21,0.92,1.82,645,80,490.76,2015/16,38,252,77
291,2809,51,1047,Tottenham Hotspur,742,20,1.39,1.53,674,81,508.47,2014/15,32,171,80
292,2671,68,974,Tottenham Hotspur,849,20,1.34,1.45,560,82,471.92,2013/14,33,192,79
293,2551,50,1595,Tottenham Hotspur,884,21,1.21,1.74,721,83,438.08,2012/13,35,241,76
294,2286,71,1045,Tottenham Hotspur,846,25,1.08,1.74,716,85,514.84,2011/12,33,230,74
295,2860,44,1363,Tottenham Hotspur,954,23,1.21,1.45,661,80,441.87,2010/11,29,191,73
296,3072,0,1360,Tottenham Hotspur,912,25,1.08,1.76,804,77,407.21,2009/10,33,226,75
297,2588,0,1511,Tottenham Hotspur,1005,21,1.18,1.18,743,78,413.76,2008/09,33,177,75
298,2584,0,2043,Tottenham Hotspur,994,22,1.61,1.74,534,77,407.0,2007/08,35,195,75
299,2455,0,1412,Tottenham Hotspur,796,24,1.42,1.5,276,74,392.47,2006/07,35,184,77
300,0,0,0,Tottenham Hotspur,0,0,1.0,1.39,0,0,0.0,2005/06,0,0,0
301,0,0,0,Tottenham Hotspur,0,0,1.08,1.24,0,0,0.0,2004/05,0,0,0
302,0,0,0,Tottenham Hotspur,0,0,1.5,1.24,0,0,0.0,2003/04,0,0,0
303,0,0,0,Tottenham Hotspur,0,0,1.63,1.34,0,0,0.0,2002/03,0,0,0
304,0,0,0,Tottenham Hotspur,0,0,1.39,1.29,0,0,0.0,2001/02,0,0,0
305,0,0,0,Tottenham Hotspur,0,0,1.42,1.24,0,0,0.0,2000/01,0,0,0
306,0,0,0,Tottenham Hotspur,0,0,1.29,1.5,0,0,0.0,1999/00,0,0,0
307,0,0,0,Tottenham Hotspur,0,0,1.32,1.24,0,0,0.0,1998/99,0,0,0
308,0,0,0,Tottenham Hotspur,0,0,1.47,1.16,0,0,0.0,1997/98,0,0,0
309,0,0,0,Tottenham Hotspur,0,0,1.34,1.16,0,0,0.0,1996/97,0,0,0
310,0,0,0,Tottenham Hotspur,0,0,1.0,1.32,0,0,0.0,1995/96,0,0,0
311,0,0,0,Tottenham Hotspur,0,0,1.38,1.57,0,0,0.0,1994/95,0,0,0
312,0,0,0,Tottenham Hotspur,0,0,1.4,1.29,0,0,0.0,1993/94,0,0,0
313,0,0,0,Tottenham Hotspur,0,0,1.57,1.43,0,0,0.0,1992/93,0,0,0
314,2219,33,693,Watford,493,22,1.47,0.9,334,74,367.6,2019/20,28,93,55
315,2855,63,956,Watford,570,18,1.55,1.37,426,76,406.89,2018/19,35,152,60
316,3082,41,953,Watford,713,22,1.68,1.16,467,76,411.95,2017/18,30,132,65
317,2800,28,1016,Watford,686,24,1.79,1.05,512,74,369.71,2016/17,34,143,72
318,2820,34,931,Watford,704,21,1.32,1.05,764,73,382.37,2015/16,31,140,75
319,2082,0,1179,Watford,983,22,1.55,0.76,221,57,267.76,2006/07,32,135,76
320,0,0,0,Watford,0,0,2.03,0.92,0,0,0.0,1999/00,0,0,0
321,2424,40,573,West Ham United,558,24,1.72,1.21,330,76,400.28,2019/20,43,128,61
322,2781,48,855,West Ham United,630,24,1.45,1.37,457,79,430.47,2018/19,36,157,54
323,2990,35,1007,West Ham United,732,20,1.79,1.26,482,76,378.13,2017/18,36,133,66
324,2874,35,1074,West Ham United,752,24,1.68,1.24,614,78,398.08,2016/17,28,138,74
325,2878,49,1003,West Ham United,805,27,1.34,1.71,668,78,395.55,2015/16,33,185,74
326,3036,43,1474,West Ham United,968,22,1.24,1.16,505,75,357.05,2014/15,31,152,74
327,2875,39,1401,West Ham United,951,26,1.34,1.05,404,74,325.37,2013/14,29,122,76
328,2890,39,1520,West Ham United,1014,27,1.39,1.18,459,74,331.39,2012/13,32,158,75
329,2637,46,1353,West Ham United,814,24,1.84,1.13,583,76,351.76,2010/11,30,174,75
330,2777,0,1623,West Ham United,689,22,1.74,1.24,755,76,384.63,2009/10,35,191,74
331,2412,0,1601,West Ham United,720,26,1.18,1.11,606,79,403.05,2008/09,32,167,76
332,2307,0,1952,West Ham United,910,25,1.32,1.11,444,74,362.45,2007/08,31,154,75
333,2249,0,1232,West Ham United,849,22,1.55,0.92,233,71,346.79,2006/07,29,134,79
334,0,0,0,West Ham United,0,0,1.45,1.37,0,0,0.0,2005/06,0,0,0
335,0,0,0,West Ham United,0,0,1.55,1.11,0,0,0.0,2002/03,0,0,0
336,0,0,0,West Ham United,0,0,1.5,1.26,0,0,0.0,2001/02,0,0,0
337,0,0,0,West Ham United,0,0,1.32,1.18,0,0,0.0,2000/01,0,0,0
338,0,0,0,West Ham United,0,0,1.39,1.37,0,0,0.0,1999/00,0,0,0
339,0,0,0,West Ham United,0,0,1.39,1.21,0,0,0.0,1998/99,0,0,0
340,0,0,0,West Ham United,0,0,1.5,1.47,0,0,0.0,1997/98,0,0,0
341,0,0,0,West Ham United,0,0,1.26,1.03,0,0,0.0,1996/97,0,0,0
342,0,0,0,West Ham United,0,0,1.37,1.13,0,0,0.0,1995/96,0,0,0
343,0,0,0,West Ham United,0,0,1.14,1.05,0,0,0.0,1994/95,0,0,0
344,0,0,0,West Ham United,0,0,1.38,1.12,0,0,0.0,1993/94,0,0,0
345,2371,46,514,Wolverhampton Wanderers,579,25,1.17,1.45,344,79,430.9,2019/20,32,118,56
346,2998,65,824,Wolverhampton Wanderers,622,25,1.21,1.24,501,78,437.32,2018/19,32,152,57
347,1990,33,1178,Wolverhampton Wanderers,999,26,2.16,1.05,598,76,391.05,2011/12,32,152,75
348,2407,38,1205,Wolverhampton Wanderers,1104,21,1.74,1.21,520,72,390.08,2010/11,30,139,71
349,2397,0,1618,Wolverhampton Wanderers,940,25,1.47,0.84,537,68,342.84,2009/10,27,119,78
350,0,0,0,Wolverhampton Wanderers,0,0,2.03,1.0,0,0,0.0,2003/04,0,0,0
351,3252,33,978,Cardiff City,562,26,1.82,0.89,528,64,269.11,2018/19,30,126,57
352,2686,34,1268,Cardiff City,792,25,1.95,0.84,491,76,368.61,2013/14,30,124,75
353,2781,48,971,Fulham,611,23,2.13,0.89,433,80,465.76,2018/19,32,146,61
354,2665,48,1351,Fulham,708,21,2.24,1.05,499,79,386.16,2013/14,35,149,78
355,2490,39,1274,Fulham,733,21,1.58,1.32,745,82,445.79,2012/13,35,160,79
356,2060,46,1005,Fulham,649,22,1.34,1.26,644,82,464.97,2011/12,36,195,77
357,2676,49,1513,Fulham,865,24,1.13,1.29,668,76,430.13,2010/11,31,172,74
358,2522,0,1459,Fulham,727,25,1.21,1.03,752,74,434.34,2009/10,31,144,74
359,2338,0,1632,Fulham,765,23,0.89,1.03,667,76,423.89,2008/09,29,149,73
360,2182,0,2072,Fulham,849,22,1.58,1.0,466,71,331.13,2007/08,33,154,77
361,2398,0,1386,Fulham,895,27,1.58,1.0,198,65,311.05,2006/07,31,142,75
362,0,0,0,Fulham,0,0,1.53,1.26,0,0,0.0,2005/06,0,0,0
363,0,0,0,Fulham,0,0,1.58,1.37,0,0,0.0,2004/05,0,0,0
364,0,0,0,Fulham,0,0,1.21,1.37,0,0,0.0,2003/04,0,0,0
365,0,0,0,Fulham,0,0,1.32,1.08,0,0,0.0,2002/03,0,0,0
366,0,0,0,Fulham,0,0,1.16,0.95,0,0,0.0,2001/02,0,0,0
367,3018,27,658,Huddersfield Town,769,22,2.0,0.58,530,76,418.47,2018/19,30,118,60
368,2978,29,1070,Huddersfield Town,765,18,1.53,0.74,519,74,393.68,2017/18,30,109,67
369,3341,44,1164,Stoke City,598,24,1.79,0.92,461,72,339.26,2017/18,34,132,64
370,3057,46,1009,Stoke City,718,24,1.47,1.08,497,75,383.11,2016/17,32,137,71
371,2718,49,826,Stoke City,683,19,1.45,1.08,576,79,430.05,2015/16,31,128,75
372,3327,30,1159,Stoke City,887,21,1.18,1.26,496,77,404.89,2014/15,27,136,78
373,3289,44,1090,Stoke City,731,25,1.37,1.18,474,78,403.26,2013/14,32,137,75
374,3441,31,1161,Stoke City,855,23,1.18,0.89,499,70,323.61,2012/13,29,114,76
375,2351,36,1910,Stoke City,826,24,1.39,0.95,461,69,285.16,2011/12,25,94,71
376,2795,44,1316,Stoke City,766,25,1.26,1.21,532,64,272.34,2010/11,30,143,72
377,2758,0,1632,Stoke City,661,27,1.26,0.89,738,63,271.24,2009/10,28,113,74
378,2392,0,1555,Stoke City,697,22,1.45,1.0,574,65,249.42,2008/09,27,100,73
379,2717,25,943,Swansea City,694,20,1.47,0.74,390,78,413.71,2017/18,30,103,68
380,2709,36,1037,Swansea City,864,27,1.84,1.18,459,79,424.5,2016/17,36,145,71
381,2408,35,1058,Swansea City,725,20,1.37,1.11,679,81,478.13,2015/16,31,136,75
382,2515,45,1203,Swansea City,634,21,1.29,1.21,693,82,470.45,2014/15,35,147,76
383,2434,36,1083,Swansea City,902,21,1.42,1.42,644,85,555.61,2013/14,32,161,76
384,2286,55,1353,Swansea City,790,25,1.34,1.24,697,85,524.82,2012/13,33,167,75
385,1895,41,1048,Swansea City,721,22,1.34,1.16,579,86,547.24,2011/12,31,145,72
386,2862,34,993,West Bromwich Albion,784,25,1.47,0.82,469,72,347.84,2017/18,30,114,64
387,2581,36,999,West Bromwich Albion,766,23,1.34,1.13,537,70,311.18,2016/17,31,123,71
388,2755,29,992,West Bromwich Albion,847,23,1.26,0.89,721,70,322.68,2015/16,28,107,72
389,2607,31,1084,West Bromwich Albion,712,22,1.34,1.0,585,75,380.13,2014/15,32,132,73
390,2774,39,1176,West Bromwich Albion,834,24,1.55,1.13,595,78,386.95,2013/14,30,146,78
391,2497,51,1079,West Bromwich Albion,778,24,1.5,1.39,377,79,378.08,2012/13,34,170,78
392,2101,39,960,West Bromwich Albion,783,25,1.37,1.18,556,77,386.61,2011/12,31,167,76
393,2282,52,1088,West Bromwich Albion,807,22,1.87,1.47,662,78,375.05,2010/11,31,184,74
394,2250,0,1477,West Bromwich Albion,962,21,1.76,0.95,591,77,382.05,2008/09,30,165,70
395,0,0,0,West Bromwich Albion,0,0,1.53,0.82,0,0,0.0,2005/06,0,0,0
396,0,0,0,West Bromwich Albion,0,0,1.61,0.95,0,0,0.0,2004/05,0,0,0
397,0,0,0,West Bromwich Albion,0,0,1.71,0.76,0,0,0.0,2002/03,0,0,0
398,2425,22,1101,Hull City,739,21,2.11,0.97,573,77,410.42,2016/17,32,126,73
399,3059,27,1316,Hull City,804,24,1.34,0.87,607,76,391.16,2014/15,31,131,75
400,2744,30,1048,Hull City,853,24,1.39,1.0,616,77,401.76,2013/14,31,132,75
401,2688,0,1528,Hull City,753,22,1.97,0.89,674,68,309.08,2009/10,31,120,75
402,2686,0,1677,Hull City,930,25,1.68,1.03,624,68,310.76,2008/09,31,149,74
403,3038,27,1090,Middlesbrough,722,22,1.39,0.71,549,77,414.11,2016/17,28,100,73
404,2354,0,1582,Middlesbrough,983,23,1.5,0.74,607,73,345.37,2008/09,28,140,74
405,2313,0,2139,Middlesbrough,960,24,1.39,1.13,528,71,321.5,2007/08,30,152,75
406,2048,0,1243,Middlesbrough,769,22,1.29,1.16,238,70,336.29,2006/07,32,144,78
407,0,0,0,Middlesbrough,0,0,1.53,1.26,0,0,0.0,2005/06,0,0,0
408,0,0,0,Middlesbrough,0,0,1.21,1.39,0,0,0.0,2004/05,0,0,0
409,0,0,0,Middlesbrough,0,0,1.37,1.16,0,0,0.0,2003/04,0,0,0
410,0,0,0,Middlesbrough,0,0,1.16,1.26,0,0,0.0,2002/03,0,0,0
411,0,0,0,Middlesbrough,0,0,1.24,0.92,0,0,0.0,2001/02,0,0,0
412,0,0,0,Middlesbrough,0,0,1.16,1.16,0,0,0.0,2000/01,0,0,0
413,0,0,0,Middlesbrough,0,0,1.37,1.21,0,0,0.0,1999/00,0,0,0
414,0,0,0,Middlesbrough,0,0,1.42,1.26,0,0,0.0,1998/99,0,0,0
415,0,0,0,Middlesbrough,0,0,1.58,1.34,0,0,0.0,1996/97,0,0,0
416,0,0,0,Middlesbrough,0,0,1.32,0.92,0,0,0.0,1995/96,0,0,0
417,0,0,0,Middlesbrough,0,0,1.79,1.29,0,0,0.0,1992/93,0,0,0
418,2542,18,1170,Sunderland,616,20,1.82,0.76,543,73,325.24,2016/17,31,119,74
419,2746,37,1277,Sunderland,589,22,1.63,1.26,571,71,336.82,2015/16,32,141,76
420,2682,27,994,Sunderland,687,23,1.39,0.82,578,76,380.29,2014/15,32,130,73
421,2517,33,903,Sunderland,749,20,1.58,1.08,414,78,380.45,2013/14,28,138,79
422,2777,28,1155,Sunderland,868,20,1.42,1.08,582,76,344.97,2012/13,33,139,77
423,2232,41,1158,Sunderland,864,23,1.21,1.18,652,75,366.13,2011/12,31,141,76
424,2845,42,1291,Sunderland,863,21,1.47,1.18,694,72,372.79,2010/11,29,154,71
425,2995,0,1641,Sunderland,884,23,1.47,1.26,829,67,328.66,2009/10,36,159,72
426,2618,0,1596,Sunderland,985,21,1.42,0.89,609,74,372.21,2008/09,30,144,76
427,2470,0,2051,Sunderland,889,25,1.55,0.95,650,70,335.16,2007/08,28,137,74
428,0,0,0,Sunderland,0,0,1.82,0.68,0,0,0.0,2005/06,0,0,0
429,0,0,0,Sunderland,0,0,1.71,0.55,0,0,0.0,2002/03,0,0,0
430,0,0,0,Sunderland,0,0,1.34,0.76,0,0,0.0,2001/02,0,0,0
431,0,0,0,Sunderland,0,0,1.08,1.21,0,0,0.0,2000/01,0,0,0
432,0,0,0,Sunderland,0,0,1.47,1.5,0,0,0.0,1999/00,0,0,0
433,0,0,0,Sunderland,0,0,1.39,0.92,0,0,0.0,1996/97,0,0,0
434,3096,43,1445,Queens Park Rangers,756,24,1.92,1.11,561,71,359.45,2014/15,28,150,75
435,2766,33,1363,Queens Park Rangers,683,20,1.58,0.79,660,77,358.74,2012/13,29,146,77
436,2272,32,1412,Queens Park Rangers,796,22,1.74,1.13,547,74,352.47,2011/12,28,150,72
437,0,0,0,Queens Park Rangers,0,0,1.5,1.0,0,0,0.0,1995/96,0,0,0
438,0,0,0,Queens Park Rangers,0,0,1.4,1.45,0,0,0.0,1994/95,0,0,0
439,0,0,0,Queens Park Rangers,0,0,1.45,1.48,0,0,0.0,1993/94,0,0,0
440,0,0,0,Queens Park Rangers,0,0,1.31,1.5,0,0,0.0,1992/93,0,0,0
441,2600,33,1300,Reading,1009,24,1.92,1.13,560,70,310.68,2012/13,32,128,73
442,2202,0,1783,Reading,1087,23,1.74,1.08,452,64,274.79,2007/08,30,132,74
443,2153,0,1022,Reading,1067,24,1.24,1.37,277,64,295.58,2006/07,32,132,74
444,2207,43,901,Wigan Athletic,813,22,1.92,1.24,692,83,471.76,2012/13,34,170,78
445,2040,29,925,Wigan Athletic,744,23,1.63,1.11,578,80,413.97,2011/12,31,162,73
446,2674,40,1196,Wigan Athletic,620,22,1.61,1.05,763,76,399.47,2010/11,33,170,71
447,2861,0,1353,Wigan Athletic,681,24,2.08,0.97,743,75,388.24,2009/10,31,174,72
448,2848,0,1636,Wigan Athletic,943,27,1.18,0.89,685,72,324.5,2008/09,28,163,73
449,2612,0,1837,Wigan Athletic,767,26,1.34,0.89,531,69,307.47,2007/08,29,141,79
450,2167,0,1206,Wigan Athletic,813,24,1.55,0.97,204,62,298.76,2006/07,31,147,77
451,0,0,0,Wigan Athletic,0,0,1.37,1.18,0,0,0.0,2005/06,0,0,0
452,2008,41,1328,Blackburn Rovers,610,23,2.05,1.26,716,73,326.95,2011/12,32,143,75
453,2588,55,1521,Blackburn Rovers,821,22,1.55,1.21,734,65,294.16,2010/11,30,135,75
454,2949,0,1557,Blackburn Rovers,752,23,1.45,1.08,730,64,310.32,2009/10,33,161,73
455,2524,0,1649,Blackburn Rovers,865,22,1.58,1.05,557,71,353.58,2008/09,31,148,74
456,2581,0,2065,Blackburn Rovers,883,23,1.26,1.32,550,74,359.32,2007/08,35,185,75
457,2096,0,1095,Blackburn Rovers,911,22,1.42,1.37,282,72,369.29,2006/07,32,155,78
458,0,0,0,Blackburn Rovers,0,0,1.11,1.34,0,0,0.0,2005/06,0,0,0
459,0,0,0,Blackburn Rovers,0,0,1.13,0.84,0,0,0.0,2004/05,0,0,0
460,0,0,0,Blackburn Rovers,0,0,1.55,1.34,0,0,0.0,2003/04,0,0,0
461,0,0,0,Blackburn Rovers,0,0,1.13,1.37,0,0,0.0,2002/03,0,0,0
462,0,0,0,Blackburn Rovers,0,0,1.34,1.45,0,0,0.0,2001/02,0,0,0
463,0,0,0,Blackburn Rovers,0,0,1.37,1.0,0,0,0.0,1998/99,0,0,0
464,0,0,0,Blackburn Rovers,0,0,1.37,1.5,0,0,0.0,1997/98,0,0,0
465,0,0,0,Blackburn Rovers,0,0,1.13,1.11,0,0,0.0,1996/97,0,0,0
466,0,0,0,Blackburn Rovers,0,0,1.24,1.61,0,0,0.0,1995/96,0,0,0
467,0,0,0,Blackburn Rovers,0,0,0.93,1.9,0,0,0.0,1994/95,0,0,0
468,0,0,0,Blackburn Rovers,0,0,0.86,1.5,0,0,0.0,1993/94,0,0,0
469,0,0,0,Blackburn Rovers,0,0,1.1,1.62,0,0,0.0,1992/93,0,0,0
470,2299,35,1255,Bolton Wanderers,769,23,2.03,1.21,694,72,357.37,2011/12,33,163,73
471,3171,48,1466,Bolton Wanderers,850,29,1.47,1.37,627,67,334.32,2010/11,30,173,72
472,3107,0,1638,Bolton Wanderers,875,25,1.76,1.11,735,64,300.11,2009/10,29,163,72
473,2636,0,1880,Bolton Wanderers,853,23,1.39,1.08,555,64,280.24,2008/09,32,154,76
474,2508,0,2166,Bolton Wanderers,905,24,1.42,0.95,542,68,311.95,2007/08,33,149,76
475,2130,0,1037,Bolton Wanderers,942,19,1.37,1.24,235,65,326.89,2006/07,30,120,78
476,0,0,0,Bolton Wanderers,0,0,1.08,1.29,0,0,0.0,2005/06,0,0,0
477,0,0,0,Bolton Wanderers,0,0,1.16,1.29,0,0,0.0,2004/05,0,0,0
478,0,0,0,Bolton Wanderers,0,0,1.47,1.26,0,0,0.0,2003/04,0,0,0
479,0,0,0,Bolton Wanderers,0,0,1.34,1.08,0,0,0.0,2002/03,0,0,0
480,0,0,0,Bolton Wanderers,0,0,1.63,1.16,0,0,0.0,2001/02,0,0,0
481,0,0,0,Bolton Wanderers,0,0,1.61,1.08,0,0,0.0,1997/98,0,0,0
482,0,0,0,Bolton Wanderers,0,0,1.87,1.03,0,0,0.0,1995/96,0,0,0
483,2555,40,1261,Birmingham City,784,22,1.53,0.97,573,72,369.37,2010/11,30,121,68
484,2814,0,1499,Birmingham City,736,21,1.24,1.0,777,68,356.32,2009/10,34,155,71
485,2351,0,2145,Birmingham City,774,23,1.63,1.21,515,64,279.74,2007/08,35,143,77
486,0,0,0,Birmingham City,0,0,1.32,0.74,0,0,0.0,2005/06,0,0,0
487,0,0,0,Birmingham City,0,0,1.21,1.05,0,0,0.0,2004/05,0,0,0
488,0,0,0,Birmingham City,0,0,1.26,1.13,0,0,0.0,2003/04,0,0,0
489,0,0,0,Birmingham City,0,0,1.29,1.08,0,0,0.0,2002/03,0,0,0
490,2474,61,1616,Blackpool,836,24,2.05,1.45,451,76,397.71,2010/11,30,161,75
491,2497,0,1356,Portsmouth,818,19,1.74,0.89,681,74,355.82,2009/10,28,151,75
492,2893,0,1552,Portsmouth,852,23,1.5,1.0,653,75,381.5,2008/09,30,152,78
493,2551,0,2103,Portsmouth,663,22,1.05,1.26,521,74,336.68,2007/08,29,160,76
494,2288,0,1164,Portsmouth,783,25,1.11,1.18,220,68,332.0,2006/07,35,186,75
495,0,0,0,Portsmouth,0,0,1.63,0.97,0,0,0.0,2005/06,0,0,0
496,0,0,0,Portsmouth,0,0,1.55,1.13,0,0,0.0,2004/05,0,0,0
497,0,0,0,Portsmouth,0,0,1.42,1.24,0,0,0.0,2003/04,0,0,0
498,2247,0,2042,Derby County,804,22,2.34,0.53,510,67,309.29,2007/08,31,116,73
499,0,0,0,Derby County,0,0,1.66,0.87,0,0,0.0,2001/02,0,0,0
500,0,0,0,Derby County,0,0,1.55,0.97,0,0,0.0,2000/01,0,0,0
501,0,0,0,Derby County,0,0,1.5,1.16,0,0,0.0,1999/00,0,0,0
502,0,0,0,Derby County,0,0,1.18,1.05,0,0,0.0,1998/99,0,0,0
503,0,0,0,Derby County,0,0,1.29,1.37,0,0,0.0,1997/98,0,0,0
504,0,0,0,Derby County,0,0,1.53,1.18,0,0,0.0,1996/97,0,0,0
505,2325,0,1483,Charlton Athletic,750,22,1.58,0.89,340,68,334.79,2006/07,32,133,78
506,0,0,0,Charlton Athletic,0,0,1.45,1.08,0,0,0.0,2005/06,0,0,0
507,0,0,0,Charlton Athletic,0,0,1.53,1.11,0,0,0.0,2004/05,0,0,0
508,0,0,0,Charlton Athletic,0,0,1.34,1.34,0,0,0.0,2003/04,0,0,0
509,0,0,0,Charlton Athletic,0,0,1.47,1.18,0,0,0.0,2002/03,0,0,0
510,0,0,0,Charlton Athletic,0,0,1.29,1.0,0,0,0.0,2001/02,0,0,0
511,0,0,0,Charlton Athletic,0,0,1.5,1.32,0,0,0.0,2000/01,0,0,0
512,0,0,0,Charlton Athletic,0,0,1.47,1.08,0,0,0.0,1998/99,0,0,0
513,0,0,0,Leeds United,0,0,2.08,1.05,0,0,0.0,2003/04,0,0,0
514,0,0,0,Leeds United,0,0,1.5,1.53,0,0,0.0,2002/03,0,0,0
515,0,0,0,Leeds United,0,0,0.97,1.39,0,0,0.0,2001/02,0,0,0
516,0,0,0,Leeds United,0,0,1.13,1.68,0,0,0.0,2000/01,0,0,0
517,0,0,0,Leeds United,0,0,1.13,1.53,0,0,0.0,1999/00,0,0,0
518,0,0,0,Leeds United,0,0,0.89,1.63,0,0,0.0,1998/99,0,0,0
519,0,0,0,Leeds United,0,0,1.21,1.5,0,0,0.0,1997/98,0,0,0
520,0,0,0,Leeds United,0,0,1.0,0.74,0,0,0.0,1996/97,0,0,0
521,0,0,0,Leeds United,0,0,1.5,1.05,0,0,0.0,1995/96,0,0,0
522,0,0,0,Leeds United,0,0,0.9,1.4,0,0,0.0,1994/95,0,0,0
523,0,0,0,Leeds United,0,0,0.93,1.55,0,0,0.0,1993/94,0,0,0
524,0,0,0,Leeds United,0,0,1.48,1.36,0,0,0.0,1992/93,0,0,0
525,0,0,0,Ipswich Town,0,0,1.68,1.08,0,0,0.0,2001/02,0,0,0
526,0,0,0,Ipswich Town,0,0,1.11,1.5,0,0,0.0,2000/01,0,0,0
527,0,0,0,Ipswich Town,0,0,2.21,0.86,0,0,0.0,1994/95,0,0,0
528,0,0,0,Ipswich Town,0,0,1.38,0.83,0,0,0.0,1993/94,0,0,0
529,0,0,0,Ipswich Town,0,0,1.31,1.19,0,0,0.0,1992/93,0,0,0
530,0,0,0,Bradford City,0,0,1.84,0.79,0,0,0.0,2000/01,0,0,0
531,0,0,0,Bradford City,0,0,1.79,1.0,0,0,0.0,1999/00,0,0,0
532,0,0,0,Coventry City,0,0,1.66,0.95,0,0,0.0,2000/01,0,0,0
533,0,0,0,Coventry City,0,0,1.42,1.24,0,0,0.0,1999/00,0,0,0
534,0,0,0,Coventry City,0,0,1.34,1.03,0,0,0.0,1998/99,0,0,0
535,0,0,0,Coventry City,0,0,1.16,1.21,0,0,0.0,1997/98,0,0,0
536,0,0,0,Coventry City,0,0,1.42,1.0,0,0,0.0,1996/97,0,0,0
537,0,0,0,Coventry City,0,0,1.58,1.11,0,0,0.0,1995/96,0,0,0
538,0,0,0,Coventry City,0,0,1.48,1.05,0,0,0.0,1994/95,0,0,0
539,0,0,0,Coventry City,0,0,1.07,1.02,0,0,0.0,1993/94,0,0,0
540,0,0,0,Coventry City,0,0,1.36,1.24,0,0,0.0,1992/93,0,0,0
541,0,0,0,Sheffield Wednesday,0,0,1.84,1.0,0,0,0.0,1999/00,0,0,0
542,0,0,0,Sheffield Wednesday,0,0,1.11,1.08,0,0,0.0,1998/99,0,0,0
543,0,0,0,Sheffield Wednesday,0,0,1.76,1.37,0,0,0.0,1997/98,0,0,0
544,0,0,0,Sheffield Wednesday,0,0,1.34,1.32,0,0,0.0,1996/97,0,0,0
545,0,0,0,Sheffield Wednesday,0,0,1.61,1.26,0,0,0.0,1995/96,0,0,0
546,0,0,0,Sheffield Wednesday,0,0,1.36,1.17,0,0,0.0,1994/95,0,0,0
547,0,0,0,Sheffield Wednesday,0,0,1.29,1.81,0,0,0.0,1993/94,0,0,0
548,0,0,0,Sheffield Wednesday,0,0,1.21,1.31,0,0,0.0,1992/93,0,0,0
549,0,0,0,Wimbledon,0,0,1.95,1.21,0,0,0.0,1999/00,0,0,0
550,0,0,0,Wimbledon,0,0,1.66,1.05,0,0,0.0,1998/99,0,0,0
551,0,0,0,Wimbledon,0,0,1.21,0.89,0,0,0.0,1997/98,0,0,0
552,0,0,0,Wimbledon,0,0,1.21,1.29,0,0,0.0,1996/97,0,0,0
553,0,0,0,Wimbledon,0,0,1.84,1.45,0,0,0.0,1995/96,0,0,0
554,0,0,0,Wimbledon,0,0,1.55,1.14,0,0,0.0,1994/95,0,0,0
555,0,0,0,Wimbledon,0,0,1.26,1.33,0,0,0.0,1993/94,0,0,0
556,0,0,0,Wimbledon,0,0,1.31,1.33,0,0,0.0,1992/93,0,0,0
557,0,0,0,Nottingham Forest,0,0,1.82,0.92,0,0,0.0,1998/99,0,0,0
558,0,0,0,Nottingham Forest,0,0,1.55,0.82,0,0,0.0,1996/97,0,0,0
559,0,0,0,Nottingham Forest,0,0,1.42,1.32,0,0,0.0,1995/96,0,0,0
560,0,0,0,Nottingham Forest,0,0,1.02,1.71,0,0,0.0,1994/95,0,0,0
561,0,0,0,Nottingham Forest,0,0,1.48,0.98,0,0,0.0,1992/93,0,0,0
562,0,0,0,Barnsley,0,0,2.16,0.97,0,0,0.0,1997/98,0,0,0
563,0,0,0,Oldham Athletic,0,0,1.62,1.0,0,0,0.0,1993/94,0,0,0
564,0,0,0,Oldham Athletic,0,0,1.76,1.5,0,0,0.0,1992/93,0,0,0
565,0,0,0,Swindon Town,0,0,2.38,1.12,0,0,0.0,1993/94,0,0,0
